Model,Accuracy,Precision,Recall,F1-Score,AUC-ROC
Logistic Regression,0.7933333333333333,0.7333333333333333,0.4888888888888889,0.5866666666666667,0.8080423280423281
Decision Tree,0.68,0.45714285714285713,0.35555555555555557,0.4,0.6584126984126984
Random Forest,0.78,0.8333333333333334,0.3333333333333333,0.47619047619047616,0.8268783068783069
XGBoost,0.7466666666666667,0.5897435897435898,0.5111111111111111,0.5476190476190476,0.7714285714285715
Random Forest + SMOTE,0.72,0.5405405405405406,0.4444444444444444,0.4878048780487805,0.7805291005291006
XGBoost + SMOTE,0.6933333333333334,0.4827586206896552,0.3111111111111111,0.37837837837837834,0.7394708994708994
